cell_type1	dataset	is_endo	is_epit
bladder basal cell of urothelium_pool1	bladder basal cell of urothelium	bladder	no	no
bladder bladder cell_pool1	bladder bladder cell	bladder	no	no
bladder bladder cell_pool2	bladder bladder cell	bladder	no	no
bladder bladder cell_pool3	bladder bladder cell	bladder	no	no
bladder bladder cell_pool4	bladder bladder cell	bladder	no	no
bladder bladder cell_pool5	bladder bladder cell	bladder	no	no
bladder bladder cell_pool6	bladder bladder cell	bladder	no	no
bladder mesenchymal cell_pool1	bladder mesenchymal cell	bladder	no	no
bladder mesenchymal cell_pool2	bladder mesenchymal cell	bladder	no	no
bladder mesenchymal cell_pool3	bladder mesenchymal cell	bladder	no	no
bladder mesenchymal cell_pool4	bladder mesenchymal cell	bladder	no	no
bladder mesenchymal cell_pool5	bladder mesenchymal cell	bladder	no	no
bladder mesenchymal cell_pool6	bladder mesenchymal cell	bladder	no	no
bladder mesenchymal cell_pool7	bladder mesenchymal cell	bladder	no	no
bladder mesenchymal cell_pool8	bladder mesenchymal cell	bladder	no	no
brainmicroglia microglial cell_pool1	brainmicroglia microglial cell	brainmicroglia	no	no
brainmicroglia microglial cell_pool2	brainmicroglia microglial cell	brainmicroglia	no	no
brainmicroglia microglial cell_pool3	brainmicroglia microglial cell	brainmicroglia	no	no
brainmicroglia microglial cell_pool4	brainmicroglia microglial cell	brainmicroglia	no	no
brainmicroglia microglial cell_pool5	brainmicroglia microglial cell	brainmicroglia	no	no
brainmicroglia microglial cell_pool6	brainmicroglia microglial cell	brainmicroglia	no	no
brainmicroglia microglial cell_pool7	brainmicroglia microglial cell	brainmicroglia	no	no
brainmicroglia microglial cell_pool8	brainmicroglia microglial cell	brainmicroglia	no	no
brainmicroglia microglial cell_pool9	brainmicroglia microglial cell	brainmicroglia	no	no
brainmicroglia microglial cell_pool10	brainmicroglia microglial cell	brainmicroglia	no	no
brainmicroglia microglial cell_pool11	brainmicroglia microglial cell	brainmicroglia	no	no
brainmicroglia microglial cell_pool12	brainmicroglia microglial cell	brainmicroglia	no	no
brainmicroglia microglial cell_pool13	brainmicroglia microglial cell	brainmicroglia	no	no
brainmicroglia microglial cell_pool14	brainmicroglia microglial cell	brainmicroglia	no	no
brainmicroglia microglial cell_pool15	brainmicroglia microglial cell	brainmicroglia	no	no
brainmicroglia microglial cell_pool16	brainmicroglia microglial cell	brainmicroglia	no	no
brainmicroglia microglial cell_pool17	brainmicroglia microglial cell	brainmicroglia	no	no
brainmicroglia microglial cell_pool18	brainmicroglia microglial cell	brainmicroglia	no	no
brainmicroglia microglial cell_pool19	brainmicroglia microglial cell	brainmicroglia	no	no
brainmicroglia microglial cell_pool20	brainmicroglia microglial cell	brainmicroglia	no	no
brainmicroglia microglial cell_pool21	brainmicroglia microglial cell	brainmicroglia	no	no
brainmicroglia microglial cell_pool22	brainmicroglia microglial cell	brainmicroglia	no	no
brainmicroglia microglial cell_pool23	brainmicroglia microglial cell	brainmicroglia	no	no
brainmicroglia microglial cell_pool24	brainmicroglia microglial cell	brainmicroglia	no	no
brainmicroglia microglial cell_pool25	brainmicroglia microglial cell	brainmicroglia	no	no
brainmicroglia microglial cell_pool26	brainmicroglia microglial cell	brainmicroglia	no	no
brainmicroglia microglial cell_pool27	brainmicroglia microglial cell	brainmicroglia	no	no
brainmicroglia microglial cell_pool28	brainmicroglia microglial cell	brainmicroglia	no	no
brainmicroglia microglial cell_pool29	brainmicroglia microglial cell	brainmicroglia	no	no
brainmicroglia microglial cell_pool30	brainmicroglia microglial cell	brainmicroglia	no	no
brainmicroglia microglial cell_pool31	brainmicroglia microglial cell	brainmicroglia	no	no
brainmicroglia microglial cell_pool32	brainmicroglia microglial cell	brainmicroglia	no	no
brainmicroglia microglial cell_pool33	brainmicroglia microglial cell	brainmicroglia	no	no
brainmicroglia microglial cell_pool34	brainmicroglia microglial cell	brainmicroglia	no	no
brainmicroglia microglial cell_pool35	brainmicroglia microglial cell	brainmicroglia	no	no
brainmicroglia microglial cell_pool36	brainmicroglia microglial cell	brainmicroglia	no	no
brainmicroglia microglial cell_pool37	brainmicroglia microglial cell	brainmicroglia	no	no
brainmicroglia microglial cell_pool38	brainmicroglia microglial cell	brainmicroglia	no	no
brainmicroglia microglial cell_pool39	brainmicroglia microglial cell	brainmicroglia	no	no
brainmicroglia microglial cell_pool40	brainmicroglia microglial cell	brainmicroglia	no	no
brainmicroglia microglial cell_pool41	brainmicroglia microglial cell	brainmicroglia	no	no
brainmicroglia microglial cell_pool42	brainmicroglia microglial cell	brainmicroglia	no	no
brainmicroglia microglial cell_pool43	brainmicroglia microglial cell	brainmicroglia	no	no
brainmicroglia microglial cell_pool44	brainmicroglia microglial cell	brainmicroglia	no	no
brainmicroglia microglial cell_pool45	brainmicroglia microglial cell	brainmicroglia	no	no
brainmicroglia microglial cell_pool46	brainmicroglia microglial cell	brainmicroglia	no	no
brainmicroglia microglial cell_pool47	brainmicroglia microglial cell	brainmicroglia	no	no
brainmicroglia microglial cell_pool48	brainmicroglia microglial cell	brainmicroglia	no	no
brainmicroglia microglial cell_pool49	brainmicroglia microglial cell	brainmicroglia	no	no
brainmicroglia microglial cell_pool50	brainmicroglia microglial cell	brainmicroglia	no	no
brainmicroglia microglial cell_pool51	brainmicroglia microglial cell	brainmicroglia	no	no
brainmicroglia microglial cell_pool52	brainmicroglia microglial cell	brainmicroglia	no	no
brainmicroglia microglial cell_pool53	brainmicroglia microglial cell	brainmicroglia	no	no
brainmicroglia microglial cell_pool54	brainmicroglia microglial cell	brainmicroglia	no	no
brainneurons astrocyte of the cerebral cortex_pool1	brainneurons astrocyte of the cerebral cortex	brainneurons	no	no
brainneurons astrocyte of the cerebral cortex_pool2	brainneurons astrocyte of the cerebral cortex	brainneurons	no	no
brainneurons astrocyte of the cerebral cortex_pool3	brainneurons astrocyte of the cerebral cortex	brainneurons	no	no
brainneurons astrocyte of the cerebral cortex_pool4	brainneurons astrocyte of the cerebral cortex	brainneurons	no	no
brainneurons astrocyte of the cerebral cortex_pool5	brainneurons astrocyte of the cerebral cortex	brainneurons	no	no
brainneurons brain pericyte_pool1	brainneurons brain pericyte	brainneurons	no	no
brainneurons endothelial cell_pool1	brainneurons endothelial cell	brainneurons	yes	no
brainneurons endothelial cell_pool2	brainneurons endothelial cell	brainneurons	yes	no
brainneurons endothelial cell_pool3	brainneurons endothelial cell	brainneurons	yes	no
brainneurons endothelial cell_pool4	brainneurons endothelial cell	brainneurons	yes	no
brainneurons endothelial cell_pool5	brainneurons endothelial cell	brainneurons	yes	no
brainneurons endothelial cell_pool6	brainneurons endothelial cell	brainneurons	yes	no
brainneurons endothelial cell_pool7	brainneurons endothelial cell	brainneurons	yes	no
brainneurons neuron_pool1	brainneurons neuron	brainneurons	no	no
brainneurons neuron_pool2	brainneurons neuron	brainneurons	no	no
brainneurons oligodendrocyte_pool1	brainneurons oligodendrocyte	brainneurons	no	no
brainneurons oligodendrocyte_pool2	brainneurons oligodendrocyte	brainneurons	no	no
brainneurons oligodendrocyte_pool3	brainneurons oligodendrocyte	brainneurons	no	no
brainneurons oligodendrocyte_pool4	brainneurons oligodendrocyte	brainneurons	no	no
brainneurons oligodendrocyte_pool5	brainneurons oligodendrocyte	brainneurons	no	no
brainneurons oligodendrocyte_pool6	brainneurons oligodendrocyte	brainneurons	no	no
brainneurons oligodendrocyte_pool7	brainneurons oligodendrocyte	brainneurons	no	no
brainneurons oligodendrocyte_pool8	brainneurons oligodendrocyte	brainneurons	no	no
brainneurons oligodendrocyte_pool9	brainneurons oligodendrocyte	brainneurons	no	no
brainneurons oligodendrocyte_pool10	brainneurons oligodendrocyte	brainneurons	no	no
brainneurons oligodendrocyte_pool11	brainneurons oligodendrocyte	brainneurons	no	no
brainneurons oligodendrocyte_pool12	brainneurons oligodendrocyte	brainneurons	no	no
brainneurons oligodendrocyte_pool13	brainneurons oligodendrocyte	brainneurons	no	no
brainneurons oligodendrocyte_pool14	brainneurons oligodendrocyte	brainneurons	no	no
brainneurons oligodendrocyte precursor cell_pool1	brainneurons oligodendrocyte precursor cell	brainneurons	no	no
brainneurons oligodendrocyte precursor cell_pool2	brainneurons oligodendrocyte precursor cell	brainneurons	no	no
colon enterocyte of epithelium of large intestine_pool1	colon enterocyte of epithelium of large intestine	colon	no	yes
colon enterocyte of epithelium of large intestine_pool2	colon enterocyte of epithelium of large intestine	colon	no	yes
colon enterocyte of epithelium of large intestine_pool3	colon enterocyte of epithelium of large intestine	colon	no	yes
colon enterocyte of epithelium of large intestine_pool4	colon enterocyte of epithelium of large intestine	colon	no	yes
colon enterocyte of epithelium of large intestine_pool5	colon enterocyte of epithelium of large intestine	colon	no	yes
colon enterocyte of epithelium of large intestine_pool6	colon enterocyte of epithelium of large intestine	colon	no	yes
colon enterocyte of epithelium of large intestine_pool7	colon enterocyte of epithelium of large intestine	colon	no	yes
colon enterocyte of epithelium of large intestine_pool8	colon enterocyte of epithelium of large intestine	colon	no	yes
colon enterocyte of epithelium of large intestine_pool9	colon enterocyte of epithelium of large intestine	colon	no	yes
colon epithelial cell of large intestine_pool1	colon epithelial cell of large intestine	colon	no	yes
colon epithelial cell of large intestine_pool2	colon epithelial cell of large intestine	colon	no	yes
colon epithelial cell of large intestine_pool3	colon epithelial cell of large intestine	colon	no	yes
colon epithelial cell of large intestine_pool4	colon epithelial cell of large intestine	colon	no	yes
colon epithelial cell of large intestine_pool5	colon epithelial cell of large intestine	colon	no	yes
colon epithelial cell of large intestine_pool6	colon epithelial cell of large intestine	colon	no	yes
colon epithelial cell of large intestine_pool7	colon epithelial cell of large intestine	colon	no	yes
colon epithelial cell of large intestine_pool8	colon epithelial cell of large intestine	colon	no	yes
colon epithelial cell of large intestine_pool9	colon epithelial cell of large intestine	colon	no	yes
colon epithelial cell of large intestine_pool10	colon epithelial cell of large intestine	colon	no	yes
colon epithelial cell of large intestine_pool11	colon epithelial cell of large intestine	colon	no	yes
colon epithelial cell of large intestine_pool12	colon epithelial cell of large intestine	colon	no	yes
colon epithelial cell of large intestine_pool13	colon epithelial cell of large intestine	colon	no	yes
colon epithelial cell of large intestine_pool14	colon epithelial cell of large intestine	colon	no	yes
colon epithelial cell of large intestine_pool15	colon epithelial cell of large intestine	colon	no	yes
colon epithelial cell of large intestine_pool16	colon epithelial cell of large intestine	colon	no	yes
colon epithelial cell of large intestine_pool17	colon epithelial cell of large intestine	colon	no	yes
colon epithelial cell of large intestine_pool18	colon epithelial cell of large intestine	colon	no	yes
colon epithelial cell of large intestine_pool19	colon epithelial cell of large intestine	colon	no	yes
colon epithelial cell of large intestine_pool20	colon epithelial cell of large intestine	colon	no	yes
colon epithelial cell of large intestine_pool21	colon epithelial cell of large intestine	colon	no	yes
colon epithelial cell of large intestine_pool22	colon epithelial cell of large intestine	colon	no	yes
colon large intestine goblet cell_pool1	colon large intestine goblet cell	colon	no	no
colon large intestine goblet cell_pool2	colon large intestine goblet cell	colon	no	no
colon large intestine goblet cell_pool3	colon large intestine goblet cell	colon	no	no
colon large intestine goblet cell_pool4	colon large intestine goblet cell	colon	no	no
colon large intestine goblet cell_pool5	colon large intestine goblet cell	colon	no	no
colon large intestine goblet cell_pool6	colon large intestine goblet cell	colon	no	no
colon large intestine goblet cell_pool7	colon large intestine goblet cell	colon	no	no
colon large intestine goblet cell_pool8	colon large intestine goblet cell	colon	no	no
colon large intestine goblet cell_pool9	colon large intestine goblet cell	colon	no	no
colon large intestine goblet cell_pool10	colon large intestine goblet cell	colon	no	no
fat B cell_pool1	fat B cell	fat	no	no
fat B cell_pool2	fat B cell	fat	no	no
fat B cell_pool3	fat B cell	fat	no	no
fat B cell_pool4	fat B cell	fat	no	no
fat B cell_pool5	fat B cell	fat	no	no
fat B cell_pool6	fat B cell	fat	no	no
fat endothelial cell_pool1	fat endothelial cell	fat	yes	no
fat endothelial cell_pool2	fat endothelial cell	fat	yes	no
fat endothelial cell_pool3	fat endothelial cell	fat	yes	no
fat endothelial cell_pool4	fat endothelial cell	fat	yes	no
fat endothelial cell_pool5	fat endothelial cell	fat	yes	no
fat endothelial cell_pool6	fat endothelial cell	fat	yes	no
fat endothelial cell_pool7	fat endothelial cell	fat	yes	no
fat granulocyte_pool1	fat granulocyte	fat	no	no
fat granulocyte_pool2	fat granulocyte	fat	no	no
fat granulocyte_pool3	fat granulocyte	fat	no	no
fat granulocyte_pool4	fat granulocyte	fat	no	no
fat granulocyte_pool5	fat granulocyte	fat	no	no
fat mesenchymal stem cell of adipose_pool1	fat mesenchymal stem cell of adipose	fat	no	no
fat mesenchymal stem cell of adipose_pool2	fat mesenchymal stem cell of adipose	fat	no	no
fat mesenchymal stem cell of adipose_pool3	fat mesenchymal stem cell of adipose	fat	no	no
fat mesenchymal stem cell of adipose_pool4	fat mesenchymal stem cell of adipose	fat	no	no
fat mesenchymal stem cell of adipose_pool5	fat mesenchymal stem cell of adipose	fat	no	no
fat mesenchymal stem cell of adipose_pool6	fat mesenchymal stem cell of adipose	fat	no	no
fat mesenchymal stem cell of adipose_pool7	fat mesenchymal stem cell of adipose	fat	no	no
fat mesenchymal stem cell of adipose_pool8	fat mesenchymal stem cell of adipose	fat	no	no
fat mesenchymal stem cell of adipose_pool9	fat mesenchymal stem cell of adipose	fat	no	no
fat mesenchymal stem cell of adipose_pool10	fat mesenchymal stem cell of adipose	fat	no	no
fat mesenchymal stem cell of adipose_pool11	fat mesenchymal stem cell of adipose	fat	no	no
fat mesenchymal stem cell of adipose_pool12	fat mesenchymal stem cell of adipose	fat	no	no
fat mesenchymal stem cell of adipose_pool13	fat mesenchymal stem cell of adipose	fat	no	no
fat mesenchymal stem cell of adipose_pool14	fat mesenchymal stem cell of adipose	fat	no	no
fat mesenchymal stem cell of adipose_pool15	fat mesenchymal stem cell of adipose	fat	no	no
fat mesenchymal stem cell of adipose_pool16	fat mesenchymal stem cell of adipose	fat	no	no
fat mesenchymal stem cell of adipose_pool17	fat mesenchymal stem cell of adipose	fat	no	no
fat mesenchymal stem cell of adipose_pool18	fat mesenchymal stem cell of adipose	fat	no	no
fat mesenchymal stem cell of adipose_pool19	fat mesenchymal stem cell of adipose	fat	no	no
fat mesenchymal stem cell of adipose_pool20	fat mesenchymal stem cell of adipose	fat	no	no
fat mesenchymal stem cell of adipose_pool21	fat mesenchymal stem cell of adipose	fat	no	no
fat mesenchymal stem cell of adipose_pool22	fat mesenchymal stem cell of adipose	fat	no	no
fat mesenchymal stem cell of adipose_pool23	fat mesenchymal stem cell of adipose	fat	no	no
fat mesenchymal stem cell of adipose_pool24	fat mesenchymal stem cell of adipose	fat	no	no
fat myeloid cell_pool1	fat myeloid cell	fat	no	no
fat myeloid cell_pool2	fat myeloid cell	fat	no	no
fat myeloid cell_pool3	fat myeloid cell	fat	no	no
fat myeloid cell_pool4	fat myeloid cell	fat	no	no
fat myeloid cell_pool5	fat myeloid cell	fat	no	no
fat natural killer cell_pool1	fat natural killer cell	fat	no	no
fat neutrophil_pool1	fat neutrophil	fat	no	no
fat neutrophil_pool2	fat neutrophil	fat	no	no
fat T cell_pool1	fat T cell	fat	no	no
fat T cell_pool2	fat T cell	fat	no	no
fat T cell_pool3	fat T cell	fat	no	no
fat T cell_pool4	fat T cell	fat	no	no
heart cardiac muscle cell_pool1	heart cardiac muscle cell	heart	no	no
heart endocardial cell_pool1	heart endocardial cell	heart	no	no
heart endocardial cell_pool2	heart endocardial cell	heart	no	no
heart endothelial cell_pool1	heart endothelial cell	heart	yes	no
heart endothelial cell_pool2	heart endothelial cell	heart	yes	no
heart endothelial cell_pool3	heart endothelial cell	heart	yes	no
heart endothelial cell_pool4	heart endothelial cell	heart	yes	no
heart endothelial cell_pool5	heart endothelial cell	heart	yes	no
heart endothelial cell_pool6	heart endothelial cell	heart	yes	no
heart endothelial cell_pool7	heart endothelial cell	heart	yes	no
heart endothelial cell_pool8	heart endothelial cell	heart	yes	no
heart endothelial cell_pool9	heart endothelial cell	heart	yes	no
heart endothelial cell_pool10	heart endothelial cell	heart	yes	no
heart endothelial cell_pool11	heart endothelial cell	heart	yes	no
heart endothelial cell_pool12	heart endothelial cell	heart	yes	no
heart endothelial cell_pool13	heart endothelial cell	heart	yes	no
heart endothelial cell_pool14	heart endothelial cell	heart	yes	no
heart endothelial cell_pool15	heart endothelial cell	heart	yes	no
heart epicardial adipocyte_pool1	heart epicardial adipocyte	heart	no	no
heart fibroblast_pool1	heart fibroblast	heart	no	no
heart fibroblast_pool2	heart fibroblast	heart	no	no
heart fibroblast_pool3	heart fibroblast	heart	no	no
heart fibroblast_pool4	heart fibroblast	heart	no	no
heart fibroblast_pool5	heart fibroblast	heart	no	no
heart fibroblast_pool6	heart fibroblast	heart	no	no
heart fibroblast_pool7	heart fibroblast	heart	no	no
heart fibroblast_pool8	heart fibroblast	heart	no	no
heart fibroblast_pool9	heart fibroblast	heart	no	no
heart fibroblast_pool10	heart fibroblast	heart	no	no
heart fibroblast_pool11	heart fibroblast	heart	no	no
heart fibroblast_pool12	heart fibroblast	heart	no	no
heart fibroblast_pool13	heart fibroblast	heart	no	no
heart fibroblast_pool14	heart fibroblast	heart	no	no
heart fibroblast_pool15	heart fibroblast	heart	no	no
heart fibroblast_pool16	heart fibroblast	heart	no	no
heart fibroblast_pool17	heart fibroblast	heart	no	no
heart fibroblast_pool18	heart fibroblast	heart	no	no
heart fibroblast_pool19	heart fibroblast	heart	no	no
heart fibroblast_pool20	heart fibroblast	heart	no	no
heart fibroblast_pool21	heart fibroblast	heart	no	no
heart fibroblast_pool22	heart fibroblast	heart	no	no
heart fibroblast_pool23	heart fibroblast	heart	no	no
heart fibroblast_pool24	heart fibroblast	heart	no	no
heart fibroblast_pool25	heart fibroblast	heart	no	no
heart fibroblast_pool26	heart fibroblast	heart	no	no
heart leukocyte_pool1	heart leukocyte	heart	no	no
heart leukocyte_pool2	heart leukocyte	heart	no	no
heart leukocyte_pool3	heart leukocyte	heart	no	no
heart leukocyte_pool4	heart leukocyte	heart	no	no
heart leukocyte_pool5	heart leukocyte	heart	no	no
heart leukocyte_pool6	heart leukocyte	heart	no	no
heart smooth muscle cell_pool1	heart smooth muscle cell	heart	no	no
heart smooth muscle cell_pool2	heart smooth muscle cell	heart	no	no
heart smooth muscle cell_pool3	heart smooth muscle cell	heart	no	no
kidney kidney tubule cell_pool1	kidney kidney tubule cell	kidney	no	no
kidney kidney tubule cell_pool2	kidney kidney tubule cell	kidney	no	no
kidney kidney tubule cell_pool3	kidney kidney tubule cell	kidney	no	no
liver endothelial cell of hepatic sinusoid_pool1	liver endothelial cell of hepatic sinusoid	liver	yes	no
liver endothelial cell of hepatic sinusoid_pool2	liver endothelial cell of hepatic sinusoid	liver	yes	no
liver hepatocyte_pool1	liver hepatocyte	liver	no	no
liver hepatocyte_pool2	liver hepatocyte	liver	no	no
liver hepatocyte_pool3	liver hepatocyte	liver	no	no
liver hepatocyte_pool4	liver hepatocyte	liver	no	no
lung endothelial cell_pool1	lung endothelial cell	lung	yes	no
lung endothelial cell_pool2	lung endothelial cell	lung	yes	no
lung endothelial cell_pool3	lung endothelial cell	lung	yes	no
lung endothelial cell_pool4	lung endothelial cell	lung	yes	no
lung endothelial cell_pool5	lung endothelial cell	lung	yes	no
lung endothelial cell_pool6	lung endothelial cell	lung	yes	no
lung endothelial cell_pool7	lung endothelial cell	lung	yes	no
lung endothelial cell_pool8	lung endothelial cell	lung	yes	no
lung endothelial cell_pool9	lung endothelial cell	lung	yes	no
lung stromal cell_pool1	lung stromal cell	lung	no	no
lung stromal cell_pool2	lung stromal cell	lung	no	no
lung stromal cell_pool3	lung stromal cell	lung	no	no
lung stromal cell_pool4	lung stromal cell	lung	no	no
lung type II pneumocyte_pool1	lung type II pneumocyte	lung	no	no
mammary basal cell_pool1	mammary basal cell	mammary	no	no
mammary basal cell_pool2	mammary basal cell	mammary	no	no
mammary basal cell_pool3	mammary basal cell	mammary	no	no
mammary basal cell_pool4	mammary basal cell	mammary	no	no
mammary basal cell_pool5	mammary basal cell	mammary	no	no
mammary basal cell_pool6	mammary basal cell	mammary	no	no
mammary basal cell_pool7	mammary basal cell	mammary	no	no
mammary basal cell_pool8	mammary basal cell	mammary	no	no
mammary basal cell_pool9	mammary basal cell	mammary	no	no
mammary basal cell_pool10	mammary basal cell	mammary	no	no
mammary basal cell_pool11	mammary basal cell	mammary	no	no
mammary basal cell_pool12	mammary basal cell	mammary	no	no
mammary basal cell_pool13	mammary basal cell	mammary	no	no
mammary basal cell_pool14	mammary basal cell	mammary	no	no
mammary basal cell_pool15	mammary basal cell	mammary	no	no
mammary luminal epithelial cell of mammary gland_pool1	mammary luminal epithelial cell of mammary gland	mammary	no	yes
mammary luminal epithelial cell of mammary gland_pool2	mammary luminal epithelial cell of mammary gland	mammary	no	yes
mammary luminal epithelial cell of mammary gland_pool3	mammary luminal epithelial cell of mammary gland	mammary	no	yes
mammary luminal epithelial cell of mammary gland_pool4	mammary luminal epithelial cell of mammary gland	mammary	no	yes
mammary luminal epithelial cell of mammary gland_pool5	mammary luminal epithelial cell of mammary gland	mammary	no	yes
mammary luminal epithelial cell of mammary gland_pool6	mammary luminal epithelial cell of mammary gland	mammary	no	yes
mammary stromal cell_pool1	mammary stromal cell	mammary	no	no
mammary stromal cell_pool2	mammary stromal cell	mammary	no	no
mammary stromal cell_pool3	mammary stromal cell	mammary	no	no
mammary stromal cell_pool4	mammary stromal cell	mammary	no	no
mammary stromal cell_pool5	mammary stromal cell	mammary	no	no
marrow B cell_pool1	marrow B cell	marrow	no	no
marrow B cell_pool2	marrow B cell	marrow	no	no
marrow B cell_pool3	marrow B cell	marrow	no	no
marrow B cell_pool4	marrow B cell	marrow	no	no
marrow B cell_pool5	marrow B cell	marrow	no	no
marrow B cell_pool6	marrow B cell	marrow	no	no
marrow B cell_pool7	marrow B cell	marrow	no	no
marrow B cell_pool8	marrow B cell	marrow	no	no
marrow B cell_pool9	marrow B cell	marrow	no	no
marrow B cell_pool10	marrow B cell	marrow	no	no
marrow B cell_pool11	marrow B cell	marrow	no	no
marrow B cell_pool12	marrow B cell	marrow	no	no
marrow B cell_pool13	marrow B cell	marrow	no	no
marrow B cell_pool14	marrow B cell	marrow	no	no
marrow B cell_pool15	marrow B cell	marrow	no	no
marrow B cell_pool16	marrow B cell	marrow	no	no
marrow B cell_pool17	marrow B cell	marrow	no	no
marrow B cell_pool18	marrow B cell	marrow	no	no
marrow B cell_pool19	marrow B cell	marrow	no	no
marrow B cell_pool20	marrow B cell	marrow	no	no
marrow B cell_pool21	marrow B cell	marrow	no	no
marrow B cell_pool22	marrow B cell	marrow	no	no
marrow B cell_pool23	marrow B cell	marrow	no	no
marrow Fraction A pre-pro B cell_pool1	marrow Fraction A pre-pro B cell	marrow	no	no
marrow Fraction A pre-pro B cell_pool2	marrow Fraction A pre-pro B cell	marrow	no	no
marrow granulocyte_pool1	marrow granulocyte	marrow	no	no
marrow granulocyte_pool2	marrow granulocyte	marrow	no	no
marrow granulocyte_pool3	marrow granulocyte	marrow	no	no
marrow granulocyte_pool4	marrow granulocyte	marrow	no	no
marrow hematopoietic stem cell_pool1	marrow hematopoietic stem cell	marrow	no	no
marrow hematopoietic stem cell_pool2	marrow hematopoietic stem cell	marrow	no	no
marrow hematopoietic stem cell_pool3	marrow hematopoietic stem cell	marrow	no	no
marrow hematopoietic stem cell_pool4	marrow hematopoietic stem cell	marrow	no	no
marrow hematopoietic stem cell_pool5	marrow hematopoietic stem cell	marrow	no	no
marrow hematopoietic stem cell_pool6	marrow hematopoietic stem cell	marrow	no	no
marrow hematopoietic stem cell_pool7	marrow hematopoietic stem cell	marrow	no	no
marrow hematopoietic stem cell_pool8	marrow hematopoietic stem cell	marrow	no	no
marrow hematopoietic stem cell_pool9	marrow hematopoietic stem cell	marrow	no	no
marrow hematopoietic stem cell_pool10	marrow hematopoietic stem cell	marrow	no	no
marrow hematopoietic stem cell_pool11	marrow hematopoietic stem cell	marrow	no	no
marrow hematopoietic stem cell_pool12	marrow hematopoietic stem cell	marrow	no	no
marrow hematopoietic stem cell_pool13	marrow hematopoietic stem cell	marrow	no	no
marrow hematopoietic stem cell_pool14	marrow hematopoietic stem cell	marrow	no	no
marrow hematopoietic stem cell_pool15	marrow hematopoietic stem cell	marrow	no	no
marrow hematopoietic stem cell_pool16	marrow hematopoietic stem cell	marrow	no	no
marrow monocyte_pool1	marrow monocyte	marrow	no	no
marrow monocyte_pool2	marrow monocyte	marrow	no	no
marrow monocyte_pool3	marrow monocyte	marrow	no	no
marrow monocyte_pool4	marrow monocyte	marrow	no	no
marrow natural killer cell_pool1	marrow natural killer cell	marrow	no	no
marrow neutrophil_pool1	marrow neutrophil	marrow	no	no
marrow neutrophil_pool2	marrow neutrophil	marrow	no	no
marrow neutrophil_pool3	marrow neutrophil	marrow	no	no
marrow neutrophil_pool4	marrow neutrophil	marrow	no	no
marrow neutrophil_pool5	marrow neutrophil	marrow	no	no
marrow neutrophil_pool6	marrow neutrophil	marrow	no	no
marrow neutrophil_pool7	marrow neutrophil	marrow	no	no
marrow T cell_pool1	marrow T cell	marrow	no	no
muscle B cell_pool1	muscle B cell	muscle	no	no
muscle endothelial cell_pool1	muscle endothelial cell	muscle	yes	no
muscle endothelial cell_pool2	muscle endothelial cell	muscle	yes	no
muscle mesenchymal stem cell_pool1	muscle mesenchymal stem cell	muscle	no	no
muscle mesenchymal stem cell_pool2	muscle mesenchymal stem cell	muscle	no	no
muscle mesenchymal stem cell_pool3	muscle mesenchymal stem cell	muscle	no	no
muscle mesenchymal stem cell_pool4	muscle mesenchymal stem cell	muscle	no	no
muscle mesenchymal stem cell_pool5	muscle mesenchymal stem cell	muscle	no	no
muscle mesenchymal stem cell_pool6	muscle mesenchymal stem cell	muscle	no	no
muscle skeletal muscle satellite cell_pool1	muscle skeletal muscle satellite cell	muscle	no	no
muscle skeletal muscle satellite cell_pool2	muscle skeletal muscle satellite cell	muscle	no	no
muscle skeletal muscle satellite cell_pool3	muscle skeletal muscle satellite cell	muscle	no	no
muscle skeletal muscle satellite cell_pool4	muscle skeletal muscle satellite cell	muscle	no	no
muscle skeletal muscle satellite cell_pool5	muscle skeletal muscle satellite cell	muscle	no	no
muscle skeletal muscle satellite cell_pool6	muscle skeletal muscle satellite cell	muscle	no	no
muscle skeletal muscle satellite stem cell_pool1	muscle skeletal muscle satellite stem cell	muscle	no	no
muscle skeletal muscle satellite stem cell_pool2	muscle skeletal muscle satellite stem cell	muscle	no	no
muscle skeletal muscle satellite stem cell_pool3	muscle skeletal muscle satellite stem cell	muscle	no	no
muscle skeletal muscle satellite stem cell_pool4	muscle skeletal muscle satellite stem cell	muscle	no	no
muscle skeletal muscle satellite stem cell_pool5	muscle skeletal muscle satellite stem cell	muscle	no	no
pancreas pancreatic A cell_pool1	pancreas pancreatic A cell	pancreas	no	no
pancreas pancreatic A cell_pool2	pancreas pancreatic A cell	pancreas	no	no
pancreas pancreatic A cell_pool3	pancreas pancreatic A cell	pancreas	no	no
pancreas pancreatic acinar cell_pool1	pancreas pancreatic acinar cell	pancreas	no	no
pancreas pancreatic acinar cell_pool2	pancreas pancreatic acinar cell	pancreas	no	no
pancreas pancreatic D cell_pool1	pancreas pancreatic D cell	pancreas	no	no
pancreas pancreatic ductal cell_pool1	pancreas pancreatic ductal cell	pancreas	no	no
pancreas pancreatic PP cell_pool1	pancreas pancreatic PP cell	pancreas	no	no
pancreas type B pancreatic cell_pool1	pancreas type B pancreatic cell	pancreas	no	no
pancreas type B pancreatic cell_pool2	pancreas type B pancreatic cell	pancreas	no	no
pancreas type B pancreatic cell_pool3	pancreas type B pancreatic cell	pancreas	no	no
pancreas type B pancreatic cell_pool4	pancreas type B pancreatic cell	pancreas	no	no
pancreas type B pancreatic cell_pool5	pancreas type B pancreatic cell	pancreas	no	no
skin basal cell of epidermis_pool1	skin basal cell of epidermis	skin	no	no
skin basal cell of epidermis_pool2	skin basal cell of epidermis	skin	no	no
skin basal cell of epidermis_pool3	skin basal cell of epidermis	skin	no	no
skin basal cell of epidermis_pool4	skin basal cell of epidermis	skin	no	no
skin basal cell of epidermis_pool5	skin basal cell of epidermis	skin	no	no
skin epidermal cell_pool1	skin epidermal cell	skin	no	no
skin epidermal cell_pool2	skin epidermal cell	skin	no	no
skin epidermal cell_pool3	skin epidermal cell	skin	no	no
skin epidermal cell_pool4	skin epidermal cell	skin	no	no
skin epidermal cell_pool5	skin epidermal cell	skin	no	no
skin keratinocyte stem cell_pool1	skin keratinocyte stem cell	skin	no	no
skin keratinocyte stem cell_pool2	skin keratinocyte stem cell	skin	no	no
skin keratinocyte stem cell_pool3	skin keratinocyte stem cell	skin	no	no
skin keratinocyte stem cell_pool4	skin keratinocyte stem cell	skin	no	no
skin keratinocyte stem cell_pool5	skin keratinocyte stem cell	skin	no	no
skin keratinocyte stem cell_pool6	skin keratinocyte stem cell	skin	no	no
skin keratinocyte stem cell_pool7	skin keratinocyte stem cell	skin	no	no
skin keratinocyte stem cell_pool8	skin keratinocyte stem cell	skin	no	no
skin keratinocyte stem cell_pool9	skin keratinocyte stem cell	skin	no	no
skin keratinocyte stem cell_pool10	skin keratinocyte stem cell	skin	no	no
skin keratinocyte stem cell_pool11	skin keratinocyte stem cell	skin	no	no
skin keratinocyte stem cell_pool12	skin keratinocyte stem cell	skin	no	no
skin keratinocyte stem cell_pool13	skin keratinocyte stem cell	skin	no	no
skin keratinocyte stem cell_pool14	skin keratinocyte stem cell	skin	no	no
skin keratinocyte stem cell_pool15	skin keratinocyte stem cell	skin	no	no
skin keratinocyte stem cell_pool16	skin keratinocyte stem cell	skin	no	no
skin keratinocyte stem cell_pool17	skin keratinocyte stem cell	skin	no	no
spleen B cell_pool1	spleen B cell	spleen	no	no
spleen B cell_pool2	spleen B cell	spleen	no	no
spleen B cell_pool3	spleen B cell	spleen	no	no
spleen B cell_pool4	spleen B cell	spleen	no	no
spleen B cell_pool5	spleen B cell	spleen	no	no
spleen B cell_pool6	spleen B cell	spleen	no	no
spleen B cell_pool7	spleen B cell	spleen	no	no
spleen B cell_pool8	spleen B cell	spleen	no	no
spleen B cell_pool9	spleen B cell	spleen	no	no
spleen B cell_pool10	spleen B cell	spleen	no	no
spleen B cell_pool11	spleen B cell	spleen	no	no
spleen B cell_pool12	spleen B cell	spleen	no	no
spleen B cell_pool13	spleen B cell	spleen	no	no
spleen B cell_pool14	spleen B cell	spleen	no	no
spleen B cell_pool15	spleen B cell	spleen	no	no
spleen T cell_pool1	spleen T cell	spleen	no	no
spleen T cell_pool2	spleen T cell	spleen	no	no
spleen T cell_pool3	spleen T cell	spleen	no	no
spleen T cell_pool4	spleen T cell	spleen	no	no
spleen T cell_pool5	spleen T cell	spleen	no	no
thymus T cell_pool1	thymus T cell	thymus	no	no
thymus T cell_pool2	thymus T cell	thymus	no	no
thymus T cell_pool3	thymus T cell	thymus	no	no
thymus T cell_pool4	thymus T cell	thymus	no	no
thymus T cell_pool5	thymus T cell	thymus	no	no
thymus T cell_pool6	thymus T cell	thymus	no	no
thymus T cell_pool7	thymus T cell	thymus	no	no
thymus T cell_pool8	thymus T cell	thymus	no	no
thymus T cell_pool9	thymus T cell	thymus	no	no
thymus T cell_pool10	thymus T cell	thymus	no	no
thymus T cell_pool11	thymus T cell	thymus	no	no
thymus T cell_pool12	thymus T cell	thymus	no	no
thymus T cell_pool13	thymus T cell	thymus	no	no
thymus T cell_pool14	thymus T cell	thymus	no	no
thymus T cell_pool15	thymus T cell	thymus	no	no
tongue basal cell of epidermis_pool1	tongue basal cell of epidermis	tongue	no	no
tongue basal cell of epidermis_pool2	tongue basal cell of epidermis	tongue	no	no
tongue basal cell of epidermis_pool3	tongue basal cell of epidermis	tongue	no	no
tongue basal cell of epidermis_pool4	tongue basal cell of epidermis	tongue	no	no
tongue basal cell of epidermis_pool5	tongue basal cell of epidermis	tongue	no	no
tongue basal cell of epidermis_pool6	tongue basal cell of epidermis	tongue	no	no
tongue basal cell of epidermis_pool7	tongue basal cell of epidermis	tongue	no	no
tongue basal cell of epidermis_pool8	tongue basal cell of epidermis	tongue	no	no
tongue basal cell of epidermis_pool9	tongue basal cell of epidermis	tongue	no	no
tongue basal cell of epidermis_pool10	tongue basal cell of epidermis	tongue	no	no
tongue basal cell of epidermis_pool11	tongue basal cell of epidermis	tongue	no	no
tongue basal cell of epidermis_pool12	tongue basal cell of epidermis	tongue	no	no
tongue keratinocyte_pool1	tongue keratinocyte	tongue	no	no
tongue keratinocyte_pool2	tongue keratinocyte	tongue	no	no
tongue keratinocyte_pool3	tongue keratinocyte	tongue	no	no
tongue keratinocyte_pool4	tongue keratinocyte	tongue	no	no
trachea epithelial cell_pool1	trachea epithelial cell	trachea	no	yes
trachea leukocyte_pool1	trachea leukocyte	trachea	no	no
trachea stromal cell_pool1	trachea stromal cell	trachea	no	no
trachea stromal cell_pool2	trachea stromal cell	trachea	no	no
trachea stromal cell_pool3	trachea stromal cell	trachea	no	no
trachea stromal cell_pool4	trachea stromal cell	trachea	no	no
trachea stromal cell_pool5	trachea stromal cell	trachea	no	no
trachea stromal cell_pool6	trachea stromal cell	trachea	no	no
trachea stromal cell_pool7	trachea stromal cell	trachea	no	no
